,value,total_pnl,total_volume,win_rate,trades,unique_traders
value,1.0,-0.08264200129021668,-0.2643713973011387,0.05539931300124056,-0.24524140464293262,-0.2775095753776319
total_pnl,-0.08264200129021668,1.0,0.3257585185485756,0.15416182515639645,0.3605515824319428,0.44019706490115196
total_volume,-0.2643713973011387,0.3257585185485756,1.0,-0.04146316674986936,0.7201366516488779,0.6408241799947418
win_rate,0.05539931300124056,0.15416182515639645,-0.04146316674986936,1.0,-0.018597062936669215,0.0644963438979753
trades,-0.24524140464293262,0.3605515824319428,0.7201366516488779,-0.018597062936669215,1.0,0.7972233486761783
unique_traders,-0.2775095753776319,0.44019706490115196,0.6408241799947418,0.0644963438979753,0.7972233486761783,1.0
