comparison,trade_level_mw_p,day_level_mw_p,winrate_a_pct,winrate_b_pct,winrate_ztest_p
Fear vs Greed,6.7023881156538345e-43,0.009470524637068168,87.29,76.89,0.0
Extreme Fear vs Extreme Greed,4.6284094644053924e-45,0.6829323185893037,76.22,89.17,0.0
Extreme Fear vs Neutral,0.040271969753150866,0.6123745027807774,76.22,82.39,0.0
Fear vs Neutral,1.0149413546259262e-36,0.42935215862713927,87.29,82.39,0.0
Greed vs Extreme Greed,6.150223237589586e-116,3.4037586935494583e-06,76.89,89.17,0.0
